direction	invoke	owner	method	descriptor	minimum_api
call	virtual	Landroid/service/quicksettings/TileService;	getQsTile	()Landroid/service/quicksettings/Tile;	24
call	virtual	Landroid/service/quicksettings/TileService;	isLocked	()Z	24
call	virtual	Landroid/service/quicksettings/TileService;	isSecure	()Z	24
call	virtual	Landroid/service/quicksettings/TileService;	showDialog	(Landroid/app/Dialog;)V	24
call	virtual	Landroid/service/quicksettings/TileService;	unlockAndRun	(Ljava/lang/Runnable;)V	24
call	static	Landroid/service/quicksettings/TileService;	requestListeningState	(Landroid/content/Context;Landroid/content/ComponentName;)V	24
call	virtual	Landroid/service/quicksettings/TileService;	startActivityAndCollapse	(Landroid/content/Intent;)V	24
call	virtual	Landroid/service/quicksettings/TileService;	startActivityAndCollapse	(Landroid/app/PendingIntent;)V	34
call	virtual	Landroid/service/quicksettings/Tile;	getState	()I	24
call	virtual	Landroid/service/quicksettings/Tile;	setState	(I)V	24
call	virtual	Landroid/service/quicksettings/Tile;	getIcon	()Landroid/graphics/drawable/Icon;	24
call	virtual	Landroid/service/quicksettings/Tile;	setIcon	(Landroid/graphics/drawable/Icon;)V	24
call	virtual	Landroid/service/quicksettings/Tile;	getLabel	()Ljava/lang/CharSequence;	24
call	virtual	Landroid/service/quicksettings/Tile;	setLabel	(Ljava/lang/CharSequence;)V	24
call	virtual	Landroid/service/quicksettings/Tile;	getContentDescription	()Ljava/lang/CharSequence;	24
call	virtual	Landroid/service/quicksettings/Tile;	setContentDescription	(Ljava/lang/CharSequence;)V	24
call	virtual	Landroid/service/quicksettings/Tile;	getSubtitle	()Ljava/lang/CharSequence;	29
call	virtual	Landroid/service/quicksettings/Tile;	setSubtitle	(Ljava/lang/CharSequence;)V	29
call	virtual	Landroid/service/quicksettings/Tile;	getStateDescription	()Ljava/lang/CharSequence;	30
call	virtual	Landroid/service/quicksettings/Tile;	setStateDescription	(Ljava/lang/CharSequence;)V	30
call	virtual	Landroid/service/quicksettings/Tile;	updateTile	()V	24
call	virtual	Landroid/service/quicksettings/Tile;	getActivityLaunchForClick	()Landroid/app/PendingIntent;	34
call	virtual	Landroid/service/quicksettings/Tile;	setActivityLaunchForClick	(Landroid/app/PendingIntent;)V	34
call	virtual	Landroid/app/StatusBarManager;	requestAddTileService	(Landroid/content/ComponentName;Ljava/lang/CharSequence;Landroid/graphics/drawable/Icon;Ljava/util/concurrent/Executor;Ljava/util/function/Consumer;)V	33
call	virtual	Ljava/lang/Integer;	intValue	()I	1
callback	virtual	Landroid/service/quicksettings/TileService;	onTileAdded	()V	24
callback	virtual	Landroid/service/quicksettings/TileService;	onTileRemoved	()V	24
callback	virtual	Landroid/service/quicksettings/TileService;	onStartListening	()V	24
callback	virtual	Landroid/service/quicksettings/TileService;	onStopListening	()V	24
callback	virtual	Landroid/service/quicksettings/TileService;	onClick	()V	24
callback	interface	Ljava/util/function/Consumer;	accept	(Ljava/lang/Object;)V	24
callback	interface	Ljava/util/concurrent/Executor;	execute	(Ljava/lang/Runnable;)V	1
callback	interface	Ljava/lang/Runnable;	run	()V	1
