field	value
schema	fp3-local-packager-evidence-v1
base_commit	7c61ee43e75f7c2dab9288edb0e10055898b36e6
host	Ubuntu-24.04-x86_64-disposable-container
ndk_revision	27.2.12479018
sdk_build_tools	35.0.0
platform	34-r3
grease_source	6d29702a10ea9eb72a43950554dbcd4174d07a89
runtime_qualification	NOT_VERIFIED-borrowed-Python2-substrate-and-extension-closure
real_NDK_ELF_and_APK_controls	PASS
wrong_ELF_metadata_key_and_missing_key	DENIED
DEX_and_identity_tool_environment_overrides	DENIED
resources	PASS-actual-application-label
interrupted_attempt	DENIED_NO_OUTPUT-before-publication
rerun	DENIED-prior-APK-preserved
independent_producer_execution	NOT_VERIFIED
stable_lane_acceptance	BLOCKED-independent-authorization-unavailable
replacement_install	NOT_RUN
emulator	NOT_RUN
physical_device	NOT_RUN
original_key_recovery	UNKNOWN
